"fips_state","fips_county","population_5_11"
"01","01001",5016
"01","01003",18589
"01","01005",1973
"01","01007",1662
"01","01009",5144
"01","01011",858
"01","01013",1694
"01","01015",9284
"01","01017",2755
"01","01019",1915
"01","01021",4222
"01","01023",898
"01","01025",1866
"01","01027",1062
"01","01029",1326
"01","01031",4874
"01","01033",4525
"01","01035",974
"01","01037",666
"01","01039",3155
"01","01041",1235
"01","01043",7265
"01","01045",4382
"01","01047",3393
"01","01049",6680
"01","01051",7023
"01","01053",3224
"01","01055",8317
"01","01057",1357
"01","01059",3028
"01","01061",2219
"01","01063",693
"01","01065",1294
"01","01067",1322
"01","01069",9295
"01","01071",4029
"01","01073",58565
"01","01075",1087
"01","01077",6938
"01","01079",2758
"01","01081",13407
"01","01083",8563
"01","01085",875
"01","01087",1171
"01","01089",31240
"01","01091",1616
"01","01093",2391
"01","01095",9175
"01","01097",37093
"01","01099",1674
"01","01101",20636
"01","01103",10610
"01","01105",714
"01","01107",1485
"01","01109",2449
"01","01111",1871
"01","01113",5545
"01","01115",8035
"01","01117",19676
"01","01119",868
"01","01121",6455
"01","01123",3326
"01","01125",17300
"01","01127",5498
"01","01129",1292
"01","01131",901
"01","01133",1785
"02","02013",113
"02","02016",271
"02","02020",27411
"02","02050",2594
"02","02060",62
"02","02063",596
"02","02066",296
"02","02068",165
"02","02070",645
"02","02090",9186
"02","02100",162
"02","02105",151
"02","02110",2673
"02","02122",5232
"02","02130",1187
"02","02150",1331
"02","02158",1387
"02","02164",157
"02","02170",11373
"02","02180",1455
"02","02185",1057
"02","02188",1172
"02","02195",298
"02","02198",589
"02","02220",712
"02","02230",82
"02","02240",695
"02","02275",217
"02","02282",43
"02","02290",644
"04","04001",7677
"04","04003",10713
"04","04005",11342
"04","04007",4314
"04","04009",4205
"04","04011",997
"04","04012",1302
"04","04013",411834
"04","04015",13692
"04","04017",11593
"04","04019",84551
"04","04021",41325
"04","04023",4810
"04","04025",14460
"04","04027",20807
"05","05001",1569
"05","05003",1770
"05","05005",2802
"05","05007",28585
"05","05009",3339
"05","05011",1054
"05","05013",403
"05","05015",2389
"05","05017",866
"05","05019",1679
"05","05021",1174
"05","05023",1847
"05","05025",608
"05","05027",1914
"05","05029",1880
"05","05031",10763
"05","05033",5917
"05","05035",4937
"05","05037",1512
"05","05039",574
"05","05041",1121
"05","05043",1493
"05","05045",11199
"05","05047",1538
"05","05049",1006
"05","05051",7618
"05","05053",1567
"05","05055",4230
"05","05057",2216
"05","05059",2624
"05","05061",1376
"05","05063",3594
"05","05065",981
"05","05067",1267
"05","05069",5569
"05","05071",2552
"05","05073",451
"05","05075",1359
"05","05077",622
"05","05079",814
"05","05081",1064
"05","05083",1668
"05","05085",7312
"05","05087",1433
"05","05089",1208
"05","05091",3990
"05","05093",4039
"05","05095",539
"05","05097",594
"05","05099",685
"05","05101",534
"05","05103",2010
"05","05105",896
"05","05107",1725
"05","05109",910
"05","05111",2180
"05","05113",1767
"05","05115",5678
"05","05117",687
"05","05119",35508
"05","05121",1674
"05","05123",1944
"05","05125",11182
"05","05127",919
"05","05129",594
"05","05131",11741
"05","05133",1964
"05","05135",1314
"05","05137",901
"05","05139",3636
"05","05141",1219
"05","05143",22517
"05","05145",7155
"05","05147",541
"05","05149",2035
"06","06001",133480
"06","06003",71
"06","06005",2322
"06","06007",17264
"06","06009",2943
"06","06011",2304
"06","06013",100842
"06","06015",2384
"06","06017",14769
"06","06019",113653
"06","06021",2996
"06","06023",10063
"06","06025",20469
"06","06027",1509
"06","06029",104195
"06","06031",16582
"06","06033",5365
"06","06035",2076
"06","06037",839416
"06","06039",17169
"06","06041",19765
"06","06043",1078
"06","06045",7279
"06","06047",32083
"06","06049",692
"06","06051",983
"06","06053",45282
"06","06055",10737
"06","06057",6628
"06","06059",264449
"06","06061",34791
"06","06063",1266
"06","06065",241070
"06","06067",142698
"06","06069",6239
"06","06071",222971
"06","06073",278582
"06","06075",44059
"06","06077",81111
"06","06079",19507
"06","06081",59620
"06","06083",38913
"06","06085",161226
"06","06087",20257
"06","06089",15412
"06","06091",188
"06","06093",3551
"06","06095",38654
"06","06097",37151
"06","06099",58478
"06","06101",9598
"06","06103",6118
"06","06105",799
"06","06107",57498
"06","06109",3557
"06","06111",74666
"06","06113",18027
"06","06115",8706
"08","08001",52976
"08","08003",1647
"08","08005",59564
"08","08007",997
"08","08009",342
"08","08011",354
"08","08013",23800
"08","08014",6140
"08","08015",1222
"08","08017",210
"08","08019",543
"08","08021",851
"08","08023",280
"08","08025",290
"08","08027",288
"08","08029",2395
"08","08031",53360
"08","08033",176
"08","08035",33999
"08","08037",4517
"08","08039",2163
"08","08041",66957
"08","08043",2945
"08","08045",5936
"08","08047",318
"08","08049",1020
"08","08051",1135
"08","08053",57
"08","08055",423
"08","08057",97
"08","08059",43571
"08","08061",121
"08","08063",731
"08","08065",649
"08","08067",4081
"08","08069",27120
"08","08071",997
"08","08073",450
"08","08075",1544
"08","08077",12954
"08","08079",43
"08","08081",1333
"08","08083",2340
"08","08085",3682
"08","08087",2963
"08","08089",1677
"08","08091",310
"08","08093",1057
"08","08095",393
"08","08097",975
"08","08099",1217
"08","08101",14723
"08","08103",625
"08","08105",962
"08","08107",1765
"08","08109",508
"08","08111",34
"08","08113",564
"08","08115",175
"08","08117",1933
"08","08119",1678
"08","08121",438
"08","08123",32976
"08","08125",1105
"09","09001",80607
"09","09003",71294
"09","09005",12168
"09","09007",10430
"09","09009",65139
"09","09011",19625
"09","09013",9733
"09","09015",8839
"10","10001",16295
"10","10003",46491
"10","10005",16848
"11","11001",50782
"12","12001",19359
"12","12003",2768
"12","12005",14082
"12","12007",2136
"12","12009",42562
"12","12011",158857
"12","12013",1105
"12","12015",8664
"12","12017",8548
"12","12019",19754
"12","12021",24954
"12","12023",6153
"12","12027",2760
"12","12029",1245
"12","12031",84344
"12","12033",26006
"12","12035",7498
"12","12037",719
"12","12039",3814
"12","12041",1460
"12","12043",813
"12","12045",1024
"12","12047",1030
"12","12049",2755
"12","12051",4397
"12","12053",13741
"12","12055",7062
"12","12057",128124
"12","12059",1510
"12","12061",9459
"12","12063",3245
"12","12065",945
"12","12067",665
"12","12069",27254
"12","12071",51939
"12","12073",21072
"12","12075",3241
"12","12077",530
"12","12079",1381
"12","12081",28199
"12","12083",26589
"12","12085",9871
"12","12086",208768
"12","12087",4410
"12","12089",6924
"12","12091",18657
"12","12093",3386
"12","12095",119113
"12","12097",35306
"12","12099",108634
"12","12101",44442
"12","12103",59782
"12","12105",62249
"12","12107",6224
"12","12109",22993
"12","12111",25078
"12","12113",15710
"12","12115",23428
"12","12117",38236
"12","12119",3709
"12","12121",3691
"12","12123",1722
"12","12125",1190
"12","12127",37970
"12","12129",2666
"12","12131",6022
"12","12133",1952
"13","13001",1843
"13","13003",816
"13","13005",1093
"13","13007",211
"13","13009",3270
"13","13011",1597
"13","13013",8547
"13","13015",9791
"13","13017",1614
"13","13019",1719
"13","13021",14655
"13","13023",1020
"13","13025",1697
"13","13027",1346
"13","13029",4683
"13","13031",6021
"13","13033",2240
"13","13035",2012
"13","13037",396
"13","13039",5423
"13","13043",1071
"13","13045",10758
"13","13047",5904
"13","13049",1004
"13","13051",23336
"13","13053",989
"13","13055",2186
"13","13057",23942
"13","13059",8674
"13","13061",198
"13","13063",32011
"13","13065",681
"13","13067",67845
"13","13069",4118
"13","13071",4709
"13","13073",15636
"13","13075",1655
"13","13077",13828
"13","13079",982
"13","13081",2029
"13","13083",1202
"13","13085",2002
"13","13087",2443
"13","13089",67958
"13","13091",1561
"13","13093",848
"13","13095",8214
"13","13097",14467
"13","13099",969
"13","13101",496
"13","13103",6805
"13","13105",1703
"13","13107",2197
"13","13109",1104
"13","13111",1576
"13","13113",10031
"13","13115",8774
"13","13117",26459
"13","13119",1965
"13","13121",88463
"13","13123",2245
"13","13125",262
"13","13127",7162
"13","13129",5318
"13","13131",2355
"13","13133",1450
"13","13135",97257
"13","13137",3959
"13","13139",19241
"13","13141",502
"13","13143",2778
"13","13145",2948
"13","13147",2107
"13","13149",1063
"13","13151",22367
"13","13153",16031
"13","13155",736
"13","13157",7235
"13","13159",1271
"13","13161",1563
"13","13163",1374
"13","13165",678
"13","13167",637
"13","13169",2521
"13","13171",1533
"13","13173",1031
"13","13175",4542
"13","13177",3160
"13","13179",6558
"13","13181",568
"13","13183",2118
"13","13185",11362
"13","13187",2241
"13","13189",2148
"13","13191",832
"13","13193",912
"13","13195",2699
"13","13197",694
"13","13199",1704
"13","13201",503
"13","13205",1952
"13","13207",2196
"13","13209",731
"13","13211",1582
"13","13213",3625
"13","13215",19443
"13","13217",11019
"13","13219",4261
"13","13221",1198
"13","13223",17044
"13","13225",2204
"13","13227",2397
"13","13229",1805
"13","13231",1593
"13","13233",4164
"13","13235",801
"13","13237",1701
"13","13239",141
"13","13241",1043
"13","13243",563
"13","13245",17965
"13","13247",8390
"13","13249",472
"13","13251",1148
"13","13253",649
"13","13255",6111
"13","13257",2212
"13","13259",297
"13","13261",2623
"13","13263",370
"13","13265",106
"13","13267",2090
"13","13269",618
"13","13271",923
"13","13273",777
"13","13275",4184
"13","13277",3848
"13","13279",2704
"13","13281",574
"13","13283",628
"13","13285",6513
"13","13287",744
"13","13289",622
"13","13291",1408
"13","13293",2301
"13","13295",5797
"13","13297",8924
"13","13299",3400
"13","13301",392
"13","13303",1757
"13","13305",2846
"13","13307",157
"13","13309",511
"13","13311",2274
"13","13313",10410
"13","13315",618
"13","13317",807
"13","13319",775
"13","13321",1754
"15","15001",17643
"15","15003",81686
"15","15005",0
"15","15007",6316
"15","15009",14644
"16","16001",43780
"16","16003",296
"16","16005",8855
"16","16007",656
"16","16009",841
"16","16011",5797
"16","16013",1821
"16","16015",445
"16","16017",3471
"16","16019",14343
"16","16021",1072
"16","16023",248
"16","16025",107
"16","16027",25333
"16","16029",850
"16","16031",2986
"16","16033",66
"16","16035",499
"16","16037",275
"16","16039",2674
"16","16041",1675
"16","16043",1152
"16","16045",1615
"16","16047",1647
"16","16049",1280
"16","16051",4080
"16","16053",2955
"16","16055",14763
"16","16057",2900
"16","16059",572
"16","16061",347
"16","16063",577
"16","16065",3468
"16","16067",2472
"16","16069",3381
"16","16071",519
"16","16073",1132
"16","16075",2456
"16","16077",966
"16","16079",970
"16","16081",1208
"16","16083",9642
"16","16085",835
"16","16087",858
"17","17001",5689
"17","17003",511
"17","17005",1158
"17","17007",4895
"17","17009",405
"17","17011",2603
"17","17013",389
"17","17015",1050
"17","17017",1074
"17","17019",15229
"17","17021",2527
"17","17023",1373
"17","17025",1168
"17","17027",2993
"17","17029",3525
"17","17031",429683
"17","17033",1458
"17","17035",951
"17","17037",8820
"17","17039",1248
"17","17041",1812
"17","17043",79973
"17","17045",1313
"17","17047",580
"17","17049",3153
"17","17051",1641
"17","17053",1114
"17","17055",3251
"17","17057",2563
"17","17059",365
"17","17061",1073
"17","17063",4992
"17","17065",659
"17","17067",1423
"17","17069",263
"17","17071",479
"17","17073",4198
"17","17075",2210
"17","17077",3933
"17","17079",849
"17","17081",3279
"17","17083",1660
"17","17085",1562
"17","17087",889
"17","17089",50899
"17","17091",9328
"17","17093",14549
"17","17095",3689
"17","17097",64179
"17","17099",8720
"17","17101",1164
"17","17103",2644
"17","17105",2925
"17","17107",2077
"17","17109",1974
"17","17111",27301
"17","17113",14160
"17","17115",8920
"17","17117",3598
"17","17119",22404
"17","17121",3417
"17","17123",887
"17","17125",1060
"17","17127",1148
"17","17129",1005
"17","17131",1275
"17","17133",2926
"17","17135",2234
"17","17137",2392
"17","17139",1404
"17","17141",4408
"17","17143",16445
"17","17145",1529
"17","17147",1386
"17","17149",1322
"17","17151",166
"17","17153",394
"17","17155",423
"17","17157",2334
"17","17159",1370
"17","17161",12392
"17","17163",23752
"17","17165",1804
"17","17167",16514
"17","17169",480
"17","17171",401
"17","17173",1750
"17","17175",460
"17","17177",3626
"17","17179",11698
"17","17181",1293
"17","17183",6946
"17","17185",966
"17","17187",1378
"17","17189",1082
"17","17191",1413
"17","17193",1206
"17","17195",4680
"17","17197",64550
"17","17199",5637
"17","17201",25281
"17","17203",3622
"18","18001",4395
"18","18003",37704
"18","18005",7949
"18","18007",836
"18","18009",987
"18","18011",7136
"18","18013",1007
"18","18015",1723
"18","18017",3281
"18","18019",10254
"18","18021",2271
"18","18023",3241
"18","18025",879
"18","18027",3819
"18","18029",4161
"18","18031",2422
"18","18033",3973
"18","18035",8019
"18","18037",3929
"18","18039",21608
"18","18041",1867
"18","18043",6883
"18","18045",1386
"18","18047",1893
"18","18049",1838
"18","18051",3119
"18","18053",5210
"18","18055",2595
"18","18057",35842
"18","18059",7039
"18","18061",3465
"18","18063",16844
"18","18065",3782
"18","18067",7377
"18","18069",3094
"18","18071",4093
"18","18073",2938
"18","18075",1980
"18","18077",2445
"18","18079",2531
"18","18081",15519
"18","18083",3073
"18","18085",7202
"18","18087",4887
"18","18089",43858
"18","18091",9172
"18","18093",3583
"18","18095",10770
"18","18097",92909
"18","18099",4318
"18","18101",894
"18","18103",2817
"18","18105",8899
"18","18107",3391
"18","18109",5916
"18","18111",1092
"18","18113",4493
"18","18115",444
"18","18117",1673
"18","18119",1649
"18","18121",1367
"18","18123",1534
"18","18125",1018
"18","18127",14360
"18","18129",2233
"18","18131",1035
"18","18133",2859
"18","18135",2110
"18","18137",2501
"18","18139",1408
"18","18141",24661
"18","18143",2080
"18","18145",3867
"18","18147",1721
"18","18149",2003
"18","18151",2590
"18","18153",1513
"18","18155",1091
"18","18157",15493
"18","18159",1140
"18","18161",536
"18","18163",15255
"18","18165",1313
"18","18167",8510
"18","18169",2413
"18","18171",730
"18","18173",5805
"18","18175",2444
"18","18177",5635
"18","18179",2776
"18","18181",2190
"18","18183",2971
"19","19001",627
"19","19003",302
"19","19005",1197
"19","19007",1115
"19","19009",446
"19","19011",2223
"19","19013",11104
"19","19015",2086
"19","19017",2165
"19","19019",2122
"19","19021",1974
"19","19023",1298
"19","19025",821
"19","19027",1960
"19","19029",1120
"19","19031",1577
"19","19033",3561
"19","19035",984
"19","19037",1091
"19","19039",951
"19","19041",1397
"19","19043",1457
"19","19045",4142
"19","19047",1707
"19","19049",10514
"19","19051",981
"19","19053",678
"19","19055",1522
"19","19057",3542
"19","19059",1304
"19","19061",8632
"19","19063",646
"19","19065",1578
"19","19067",1365
"19","19069",871
"19","19071",599
"19","19073",789
"19","19075",1106
"19","19077",875
"19","19079",1260
"19","19081",847
"19","19083",1245
"19","19085",1264
"19","19087",1677
"19","19089",855
"19","19091",851
"19","19093",707
"19","19095",1510
"19","19097",1634
"19","19099",3179
"19","19101",1046
"19","19103",11732
"19","19105",1673
"19","19107",925
"19","19109",1217
"19","19111",2797
"19","19113",20228
"19","19115",919
"19","19117",740
"19","19119",1259
"19","19121",1603
"19","19123",2027
"19","19125",3111
"19","19127",3909
"19","19129",1404
"19","19131",977
"19","19133",691
"19","19135",662
"19","19137",813
"19","19139",4188
"19","19141",1269
"19","19143",541
"19","19145",1040
"19","19147",777
"19","19149",2455
"19","19151",573
"19","19153",47106
"19","19155",8555
"19","19157",1451
"19","19159",403
"19","19161",845
"19","19163",16074
"19","19165",1017
"19","19167",3739
"19","19169",6377
"19","19171",1530
"19","19173",569
"19","19175",1058
"19","19177",637
"19","19179",3044
"19","19181",5035
"19","19183",2125
"19","19185",636
"19","19187",2957
"19","19189",911
"19","19191",1381
"19","19193",10414
"19","19195",581
"19","19197",1128
"20","20001",1035
"20","20003",790
"20","20005",1423
"20","20007",412
"20","20009",2462
"20","20011",1467
"20","20013",1017
"20","20015",6704
"20","20017",218
"20","20019",266
"20","20021",1714
"20","20023",204
"20","20025",189
"20","20027",746
"20","20029",831
"20","20031",696
"20","20033",187
"20","20035",3311
"20","20037",3268
"20","20039",223
"20","20041",1692
"20","20043",625
"20","20045",8710
"20","20047",254
"20","20049",243
"20","20051",2463
"20","20053",450
"20","20055",4262
"20","20057",3936
"20","20059",2328
"20","20061",3930
"20","20063",271
"20","20065",235
"20","20067",874
"20","20069",656
"20","20071",136
"20","20073",504
"20","20075",323
"20","20077",549
"20","20079",3330
"20","20081",445
"20","20083",155
"20","20085",1228
"20","20087",1710
"20","20089",230
"20","20091",56467
"20","20093",460
"20","20095",599
"20","20097",230
"20","20099",1817
"20","20101",149
"20","20103",7637
"20","20105",258
"20","20107",812
"20","20109",253
"20","20111",2850
"20","20113",2529
"20","20115",1018
"20","20117",913
"20","20119",427
"20","20121",3237
"20","20123",547
"20","20125",2968
"20","20127",456
"20","20129",245
"20","20131",1097
"20","20133",1510
"20","20135",248
"20","20137",390
"20","20139",1418
"20","20141",291
"20","20143",498
"20","20145",354
"20","20147",467
"20","20149",2848
"20","20151",872
"20","20153",216
"20","20155",5342
"20","20157",398
"20","20159",904
"20","20161",4626
"20","20163",421
"20","20165",232
"20","20167",635
"20","20169",4839
"20","20171",525
"20","20173",52620
"20","20175",2670
"20","20177",16261
"20","20179",240
"20","20181",584
"20","20183",261
"20","20185",382
"20","20187",226
"20","20189",637
"20","20191",2223
"20","20193",713
"20","20195",203
"20","20197",632
"20","20199",150
"20","20201",460
"20","20203",252
"20","20205",803
"20","20207",246
"20","20209",18211
"21","21001",1435
"21","21003",1945
"21","21005",2075
"21","21007",637
"21","21009",3976
"21","21011",1210
"21","21013",2050
"21","21015",13500
"21","21017",1729
"21","21019",3824
"21","21021",2299
"21","21023",770
"21","21025",954
"21","21027",1715
"21","21029",6826
"21","21031",1146
"21","21033",1154
"21","21035",2745
"21","21037",7651
"21","21039",415
"21","21041",1128
"21","21043",2308
"21","21045",1464
"21","21047",7262
"21","21049",3113
"21","21051",1579
"21","21053",867
"21","21055",754
"21","21057",565
"21","21059",9658
"21","21061",840
"21","21063",531
"21","21065",1147
"21","21067",26093
"21","21069",1357
"21","21071",3013
"21","21073",4079
"21","21075",535
"21","21077",823
"21","21079",1554
"21","21081",2504
"21","21083",3513
"21","21085",2340
"21","21087",859
"21","21089",2911
"21","21091",813
"21","21093",10652
"21","21095",2409
"21","21097",1599
"21","21099",1700
"21","21101",4038
"21","21103",1445
"21","21105",305
"21","21107",3936
"21","21109",1179
"21","21111",65016
"21","21113",5128
"21","21115",1916
"21","21117",15495
"21","21119",1180
"21","21121",2771
"21","21123",1259
"21","21125",5445
"21","21127",1469
"21","21129",490
"21","21131",870
"21","21133",1841
"21","21135",1099
"21","21137",2236
"21","21139",728
"21","21141",2458
"21","21143",458
"21","21145",5700
"21","21147",1437
"21","21149",846
"21","21151",7503
"21","21153",1074
"21","21155",1841
"21","21157",2489
"21","21159",881
"21","21161",1565
"21","21163",2553
"21","21165",440
"21","21167",1879
"21","21169",951
"21","21171",913
"21","21173",2530
"21","21175",881
"21","21177",2327
"21","21179",4279
"21","21181",692
"21","21183",2229
"21","21185",6750
"21","21187",939
"21","21189",361
"21","21191",1230
"21","21193",2291
"21","21195",4655
"21","21197",1166
"21","21199",5559
"21","21201",179
"21","21203",1340
"21","21205",1898
"21","21207",1653
"21","21209",5613
"21","21211",4274
"21","21213",1732
"21","21215",1623
"21","21217",2290
"21","21219",1209
"21","21221",1206
"21","21223",724
"21","21225",977
"21","21227",11706
"21","21229",1103
"21","21231",1592
"21","21233",1160
"21","21235",3571
"21","21237",572
"21","21239",2313
"22","22001",6206
"22","22003",2213
"22","22005",13371
"22","22007",1741
"22","22009",3682
"22","22011",3540
"22","22013",1147
"22","22015",12427
"22","22017",22473
"22","22019",19807
"22","22021",857
"22","22023",592
"22","22025",767
"22","22027",1115
"22","22029",1777
"22","22031",2561
"22","22033",38979
"22","22035",670
"22","22037",1303
"22","22039",3232
"22","22041",1962
"22","22043",1842
"22","22045",6989
"22","22047",2585
"22","22049",1370
"22","22051",36972
"22","22053",3137
"22","22055",22654
"22","22057",8797
"22","22059",1325
"22","22061",3592
"22","22063",13999
"22","22065",1017
"22","22067",2335
"22","22069",3413
"22","22071",30149
"22","22073",14724
"22","22075",2394
"22","22077",1787
"22","22079",12414
"22","22081",783
"22","22083",1826
"22","22085",2180
"22","22087",5119
"22","22089",5072
"22","22091",809
"22","22093",1901
"22","22095",3975
"22","22097",8512
"22","22099",5004
"22","22101",4556
"22","22103",23817
"22","22105",12850
"22","22107",381
"22","22109",10834
"22","22111",1797
"22","22113",5870
"22","22115",4587
"22","22117",4094
"22","22119",3343
"22","22121",2482
"22","22123",961
"22","22125",1028
"22","22127",1061
"23","23001",9342
"23","23003",4717
"23","23005",20773
"23","23007",2102
"23","23009",3582
"23","23011",9046
"23","23013",2732
"23","23015",2218
"23","23017",3974
"23","23019",10291
"23","23021",1007
"23","23023",2593
"23","23025",3506
"23","23027",2874
"23","23029",2316
"23","23031",14779
"24","24001",4705
"24","24003",50923
"24","24005",69593
"24","24009",8329
"24","24011",3099
"24","24013",13870
"24","24015",8967
"24","24017",15346
"24","24019",2622
"24","24021",23503
"24","24023",1962
"24","24025",21940
"24","24027",31320
"24","24029",1172
"24","24031",94933
"24","24033",78763
"24","24035",4142
"24","24037",10650
"24","24039",1772
"24","24041",2646
"24","24043",12691
"24","24045",8787
"24","24047",3589
"24","24510",46662
"25","25001",11971
"25","25003",7783
"25","25005",45032
"25","25007",1205
"25","25009",64021
"25","25011",4710
"25","25013",38362
"25","25015",8990
"25","25017",122844
"25","25019",887
"25","25021",56015
"25","25023",41914
"25","25025",49011
"25","25027",66989
"26","26001",497
"26","26003",505
"26","26005",11048
"26","26007",2051
"26","26009",1552
"26","26011",1031
"26","26013",536
"26","26015",5259
"26","26017",7813
"26","26019",1197
"26","26021",12954
"26","26023",3819
"26","26025",11867
"26","26027",4190
"26","26029",1811
"26","26031",1458
"26","26033",2624
"26","26035",2343
"26","26037",6752
"26","26039",921
"26","26041",2708
"26","26043",1956
"26","26045",8913
"26","26047",2403
"26","26049",35005
"26","26051",1766
"26","26053",908
"26","26055",7228
"26","26057",3051
"26","26059",3726
"26","26061",2783
"26","26063",2284
"26","26065",22063
"26","26067",5518
"26","26069",1598
"26","26071",748
"26","26073",4676
"26","26075",12989
"26","26077",22174
"26","26079",1483
"26","26081",60976
"26","26083",112
"26","26085",746
"26","26087",6780
"26","26089",1286
"26","26091",7806
"26","26093",15170
"26","26095",379
"26","26097",590
"26","26099",69422
"26","26101",1508
"26","26103",4724
"26","26105",2272
"26","26107",3075
"26","26109",1490
"26","26111",6739
"26","26113",1341
"26","26115",12332
"26","26117",5546
"26","26119",532
"26","26121",15483
"26","26123",4197
"26","26125",98597
"26","26127",2351
"26","26129",1501
"26","26131",245
"26","26133",1926
"26","26135",616
"26","26137",2024
"26","26139",27375
"26","26141",720
"26","26143",1360
"26","26145",15463
"26","26147",12482
"26","26149",5760
"26","26151",3387
"26","26153",543
"26","26155",5366
"26","26157",3892
"26","26159",6845
"26","26161",26083
"26","26163",159238
"26","26165",3021
"27","27001",1030
"27","27003",32937
"27","27005",3253
"27","27007",4908
"27","27009",4122
"27","27011",417
"27","27013",5391
"27","27015",2156
"27","27017",3145
"27","27019",11000
"27","27021",2458
"27","27023",1129
"27","27025",4953
"27","27027",6375
"27","27029",868
"27","27031",320
"27","27033",1082
"27","27035",5443
"27","27037",40760
"27","27039",2102
"27","27041",3173
"27","27043",1117
"27","27045",2092
"27","27047",2638
"27","27049",3992
"27","27051",551
"27","27053",107323
"27","27055",1579
"27","27057",1860
"27","27059",3759
"27","27061",3522
"27","27063",803
"27","27065",1274
"27","27067",4065
"27","27069",378
"27","27071",842
"27","27073",549
"27","27075",812
"27","27077",266
"27","27079",2593
"27","27081",519
"27","27083",2646
"27","27085",3121
"27","27087",768
"27","27089",853
"27","27091",1650
"27","27093",2174
"27","27095",2436
"27","27097",3106
"27","27099",3984
"27","27101",691
"27","27103",2994
"27","27105",2293
"27","27107",621
"27","27109",15053
"27","27111",5090
"27","27113",1252
"27","27115",2231
"27","27117",940
"27","27119",2961
"27","27121",964
"27","27123",50181
"27","27125",392
"27","27127",1457
"27","27129",1329
"27","27131",5632
"27","27133",914
"27","27135",1484
"27","27137",14615
"27","27139",16019
"27","27141",9838
"27","27143",1335
"27","27145",14449
"27","27147",3648
"27","27149",821
"27","27151",833
"27","27153",2358
"27","27155",264
"27","27157",1860
"27","27159",1393
"27","27161",1666
"27","27163",25361
"27","27165",1003
"27","27167",536
"27","27169",3418
"27","27171",15187
"27","27173",882
"28","28001",2289
"28","28003",3147
"28","28005",980
"28","28007",1808
"28","28009",662
"28","28011",3059
"28","28013",1264
"28","28015",708
"28","28017",1645
"28","28019",699
"28","28021",716
"28","28023",1242
"28","28025",1634
"28","28027",2373
"28","28029",2449
"28","28031",1826
"28","28033",18203
"28","28035",6873
"28","28037",664
"28","28039",2551
"28","28041",948
"28","28043",1939
"28","28045",3579
"28","28047",19419
"28","28049",21599
"28","28051",1657
"28","28053",872
"28","28055",45
"28","28057",1990
"28","28059",12826
"28","28061",1461
"28","28063",630
"28","28065",895
"28","28067",6651
"28","28069",676
"28","28071",3881
"28","28073",6121
"28","28075",6620
"28","28077",1249
"28","28079",1998
"28","28081",8281
"28","28083",2958
"28","28085",3158
"28","28087",5389
"28","28089",10155
"28","28091",2213
"28","28093",2886
"28","28095",3032
"28","28097",845
"28","28099",3011
"28","28101",2030
"28","28103",967
"28","28105",3330
"28","28107",3275
"28","28109",4921
"28","28111",1049
"28","28113",4002
"28","28115",3220
"28","28117",2244
"28","28119",603
"28","28121",13800
"28","28123",2876
"28","28125",416
"28","28127",2404
"28","28129",1391
"28","28131",1586
"28","28133",2149
"28","28135",1053
"28","28137",2369
"28","28139",2054
"28","28141",1573
"28","28143",1094
"28","28145",2808
"28","28147",1233
"28","28149",4050
"28","28151",4534
"28","28153",1916
"28","28155",879
"28","28157",701
"28","28159",1538
"28","28161",974
"28","28163",2420
"29","29001",1642
"29","29003",1627
"29","29005",411
"29","29007",2056
"29","29009",3150
"29","29011",1026
"29","29013",1413
"29","29015",1283
"29","29017",1042
"29","29019",14549
"29","29021",7554
"29","29023",3935
"29","29025",809
"29","29027",3594
"29","29029",3073
"29","29031",6502
"29","29033",801
"29","29035",518
"29","29037",9932
"29","29039",1272
"29","29041",692
"29","29043",8941
"29","29045",600
"29","29047",23598
"29","29049",1771
"29","29051",6562
"29","29053",1449
"29","29055",2041
"29","29057",604
"29","29059",1529
"29","29061",751
"29","29063",872
"29","29065",1368
"29","29067",1117
"29","29069",3022
"29","29071",9138
"29","29073",1137
"29","29075",659
"29","29077",23703
"29","29079",928
"29","29081",785
"29","29083",1893
"29","29085",585
"29","29087",345
"29","29089",871
"29","29091",3784
"29","29093",770
"29","29095",64677
"29","29097",11912
"29","29099",20268
"29","29101",4583
"29","29103",349
"29","29105",3319
"29","29107",2899
"29","29109",3705
"29","29111",805
"29","29113",5791
"29","29115",1063
"29","29117",1216
"29","29119",2170
"29","29121",1316
"29","29123",1121
"29","29125",700
"29","29127",2542
"29","29129",320
"29","29131",2343
"29","29133",1077
"29","29135",1537
"29","29137",753
"29","29139",967
"29","29141",1805
"29","29143",1539
"29","29145",5309
"29","29147",1273
"29","29149",927
"29","29151",1144
"29","29153",671
"29","29155",1588
"29","29157",1654
"29","29159",4076
"29","29161",3646
"29","29163",1576
"29","29165",9772
"29","29167",2719
"29","29169",4571
"29","29171",409
"29","29173",849
"29","29175",2085
"29","29177",2008
"29","29179",463
"29","29181",1288
"29","29183",36433
"29","29185",648
"29","29186",1514
"29","29187",5446
"29","29189",84404
"29","29195",2056
"29","29197",436
"29","29199",577
"29","29201",3614
"29","29203",692
"29","29205",542
"29","29207",2455
"29","29209",1983
"29","29211",506
"29","29213",4475
"29","29215",2107
"29","29217",1839
"29","29219",3204
"29","29221",2157
"29","29223",1056
"29","29225",4124
"29","29227",160
"29","29229",1709
"29","29510",21665
"30","30001",626
"30","30003",1800
"30","30005",793
"30","30007",477
"30","30009",727
"30","30011",104
"30","30013",7155
"30","30015",469
"30","30017",887
"30","30019",155
"30","30021",724
"30","30023",447
"30","30025",322
"30","30027",900
"30","30029",9004
"30","30031",8982
"30","30033",113
"30","30035",1721
"30","30037",67
"30","30039",189
"30","30041",1732
"30","30043",955
"30","30045",165
"30","30047",2829
"30","30049",5919
"30","30051",197
"30","30053",1393
"30","30055",132
"30","30057",525
"30","30059",140
"30","30061",292
"30","30063",8684
"30","30065",315
"30","30067",1136
"30","30069",40
"30","30071",365
"30","30073",534
"30","30075",83
"30","30077",374
"30","30079",82
"30","30081",3167
"30","30083",1145
"30","30085",1471
"30","30087",1005
"30","30089",781
"30","30091",262
"30","30093",2852
"30","30095",791
"30","30097",277
"30","30099",566
"30","30101",370
"30","30103",56
"30","30105",648
"30","30107",198
"30","30109",80
"30","30111",15034
"31","31001",2800
"31","31003",591
"31","31005",52
"31","31007",77
"31","31009",33
"31","31011",480
"31","31013",1132
"31","31015",153
"31","31017",233
"31","31019",4531
"31","31021",564
"31","31023",745
"31","31025",2445
"31","31027",853
"31","31029",370
"31","31031",506
"31","31033",821
"31","31035",579
"31","31037",1221
"31","31039",794
"31","31041",1011
"31","31043",2285
"31","31045",582
"31","31047",2315
"31","31049",159
"31","31051",536
"31","31053",3409
"31","31055",56583
"31","31057",124
"31","31059",393
"31","31061",234
"31","31063",196
"31","31065",375
"31","31067",1996
"31","31069",145
"31","31071",119
"31","31073",155
"31","31075",57
"31","31077",207
"31","31079",6501
"31","31081",857
"31","31083",295
"31","31085",79
"31","31087",247
"31","31089",1018
"31","31091",54
"31","31093",605
"31","31095",611
"31","31097",366
"31","31099",634
"31","31101",602
"31","31103",49
"31","31105",298
"31","31107",792
"31","31109",28454
"31","31111",3162
"31","31113",60
"31","31115",52
"31","31117",29
"31","31119",3530
"31","31121",662
"31","31123",422
"31","31125",296
"31","31127",613
"31","31129",311
"31","31131",1485
"31","31133",215
"31","31135",282
"31","31137",835
"31","31139",716
"31","31141",3490
"31","31143",439
"31","31145",908
"31","31147",676
"31","31149",100
"31","31151",1467
"31","31153",20419
"31","31155",2069
"31","31157",3471
"31","31159",1628
"31","31161",429
"31","31163",243
"31","31165",67
"31","31167",557
"31","31169",454
"31","31171",70
"31","31173",996
"31","31175",393
"31","31177",2013
"31","31179",731
"31","31181",323
"31","31183",58
"31","31185",1233
"32","32001",2276
"32","32003",206201
"32","32005",3096
"32","32007",5629
"32","32009",55
"32","32011",222
"32","32013",1881
"32","32015",585
"32","32017",373
"32","32019",4790
"32","32021",345
"32","32023",3001
"32","32027",455
"32","32029",179
"32","32031",39480
"32","32033",743
"32","32510",4373
"33","33001",4372
"33","33003",2920
"33","33005",5366
"33","33007",1889
"33","33009",5579
"33","33011",32101
"33","33013",10949
"33","33015",22319
"33","33017",9322
"33","33019",3034
"34","34001",21945
"34","34003",76180
"34","34005",35626
"34","34007",44636
"34","34009",6362
"34","34011",14355
"34","34013",74945
"34","34015",24626
"34","34017",51546
"34","34019",8736
"34","34021",30484
"34","34023",69766
"34","34025",49271
"34","34027",38883
"34","34029",56461
"34","34031",46109
"34","34033",5253
"34","34035",26982
"34","34037",10208
"34","34039",50929
"34","34041",7672
"35","35001",57169
"35","35003",153
"35","35005",6531
"35","35006",2612
"35","35007",839
"35","35009",5084
"35","35011",175
"35","35013",21007
"35","35015",6184
"35","35017",2084
"35","35019",340
"35","35021",35
"35","35023",376
"35","35025",8503
"35","35027",1416
"35","35028",1695
"35","35029",2409
"35","35031",8468
"35","35033",300
"35","35035",6034
"35","35037",694
"35","35039",3620
"35","35041",1760
"35","35043",13355
"35","35045",12935
"35","35047",1836
"35","35049",10299
"35","35051",669
"35","35053",1445
"35","35055",2161
"35","35057",1171
"35","35059",310
"35","35061",7168
"36","36001",21694
"36","36003",3545
"36","36005",136978
"36","36007",14264
"36","36009",6492
"36","36011",5792
"36","36013",9744
"36","36015",6946
"36","36017",3808
"36","36019",5671
"36","36021",3736
"36","36023",3426
"36","36025",2788
"36","36027",20523
"36","36029",71468
"36","36031",2211
"36","36033",3836
"36","36035",4264
"36","36037",4568
"36","36039",2936
"36","36041",196
"36","36043",4892
"36","36045",10217
"36","36047",223813
"36","36049",2343
"36","36051",4293
"36","36053",5163
"36","36055",59586
"36","36057",4296
"36","36059",113292
"36","36061",88443
"36","36063",16191
"36","36065",19178
"36","36067",37933
"36","36069",8539
"36","36071",37633
"36","36073",2940
"36","36075",9518
"36","36077",3599
"36","36079",7193
"36","36081",173701
"36","36083",12122
"36","36085",39929
"36","36087",35156
"36","36089",8535
"36","36091",17771
"36","36093",12919
"36","36095",2180
"36","36097",1310
"36","36099",2644
"36","36101",7920
"36","36103",116597
"36","36105",6030
"36","36107",3844
"36","36109",5900
"36","36111",11910
"36","36113",4517
"36","36115",4396
"36","36117",7452
"36","36119",80986
"36","36121",2915
"36","36123",2166
"37","37001",14539
"37","37003",2833
"37","37005",716
"37","37007",1864
"37","37009",1908
"37","37011",953
"37","37013",3638
"37","37015",1274
"37","37017",2549
"37","37019",8423
"37","37021",18550
"37","37023",6283
"37","37025",21517
"37","37027",6221
"37","37029",969
"37","37031",4602
"37","37033",1551
"37","37035",13487
"37","37037",5703
"37","37039",1787
"37","37041",1071
"37","37043",688
"37","37045",8306
"37","37047",4389
"37","37049",8376
"37","37051",32553
"37","37053",2438
"37","37055",2658
"37","37057",14198
"37","37059",3498
"37","37061",5476
"37","37063",25426
"37","37065",4568
"37","37067",34317
"37","37069",5844
"37","37071",19476
"37","37073",906
"37","37075",627
"37","37077",4618
"37","37079",1649
"37","37081",46383
"37","37083",4024
"37","37085",14042
"37","37087",4350
"37","37089",8555
"37","37091",1730
"37","37093",6042
"37","37095",342
"37","37097",15863
"37","37099",2843
"37","37101",20745
"37","37103",641
"37","37105",5788
"37","37107",4873
"37","37109",6999
"37","37111",3501
"37","37113",2503
"37","37115",1415
"37","37117",1769
"37","37119",99672
"37","37121",1055
"37","37123",2248
"37","37125",8469
"37","37127",7921
"37","37129",16669
"37","37131",1204
"37","37133",18819
"37","37135",11177
"37","37137",720
"37","37139",3355
"37","37141",5524
"37","37143",1019
"37","37145",3168
"37","37147",14971
"37","37149",1196
"37","37151",12338
"37","37153",4035
"37","37155",12820
"37","37157",7156
"37","37159",11781
"37","37161",5194
"37","37163",5934
"37","37165",3140
"37","37167",5198
"37","37169",3221
"37","37171",5785
"37","37173",1277
"37","37175",2028
"37","37177",292
"37","37179",24473
"37","37181",4157
"37","37183",102911
"37","37185",1363
"37","37187",905
"37","37189",2785
"37","37191",11383
"37","37193",5153
"37","37195",7257
"37","37197",3033
"37","37199",1241
"38","38001",162
"38","38003",784
"38","38005",908
"38","38007",70
"38","38009",528
"38","38011",304
"38","38013",207
"38","38015",8809
"38","38017",16123
"38","38019",302
"38","38021",449
"38","38023",208
"38","38025",439
"38","38027",186
"38","38029",229
"38","38031",259
"38","38033",133
"38","38035",5758
"38","38037",196
"38","38039",192
"38","38041",244
"38","38043",219
"38","38045",319
"38","38047",159
"38","38049",577
"38","38051",174
"38","38053",1944
"38","38055",819
"38","38057",779
"38","38059",2823
"38","38061",1166
"38","38063",219
"38","38065",216
"38","38067",535
"38","38069",391
"38","38071",1071
"38","38073",470
"38","38075",206
"38","38077",1407
"38","38079",1996
"38","38081",333
"38","38083",87
"38","38085",608
"38","38087",61
"38","38089",3351
"38","38091",158
"38","38093",1660
"38","38095",200
"38","38097",710
"38","38099",948
"38","38101",6187
"38","38103",311
"38","38105",4380
"39","39001",2548
"39","39003",9044
"39","39005",4640
"39","39007",8193
"39","39009",3622
"39","39011",4255
"39","39013",4995
"39","39015",3817
"39","39017",35011
"39","39019",2117
"39","39021",3277
"39","39023",11584
"39","39025",18233
"39","39027",3679
"39","39029",8087
"39","39031",3336
"39","39033",3432
"39","39035",97356
"39","39037",4661
"39","39039",3310
"39","39041",21585
"39","39043",5670
"39","39045",14684
"39","39047",2635
"39","39049",119516
"39","39051",3843
"39","39053",2716
"39","39055",7921
"39","39057",13657
"39","39059",3303
"39","39061",73083
"39","39063",6488
"39","39065",2859
"39","39067",1184
"39","39069",2421
"39","39071",3830
"39","39073",2437
"39","39075",5154
"39","39077",5326
"39","39079",2986
"39","39081",4771
"39","39083",5381
"39","39085",17113
"39","39087",4984
"39","39089",15982
"39","39091",4014
"39","39093",26513
"39","39095",38224
"39","39097",3538
"39","39099",17139
"39","39101",5439
"39","39103",15306
"39","39105",1811
"39","39107",3995
"39","39109",9549
"39","39111",1121
"39","39113",45138
"39","39115",1125
"39","39117",2969
"39","39119",7580
"39","39121",1084
"39","39123",2769
"39","39125",1663
"39","39127",3290
"39","39129",4784
"39","39131",2451
"39","39133",11527
"39","39135",3466
"39","39137",3529
"39","39139",10252
"39","39141",6150
"39","39143",4997
"39","39145",6236
"39","39147",4435
"39","39149",4536
"39","39151",30409
"39","39153",43446
"39","39155",15261
"39","39157",8051
"39","39159",5633
"39","39161",2465
"39","39163",1042
"39","39165",22360
"39","39167",4596
"39","39169",10786
"39","39171",3144
"39","39173",10361
"39","39175",1915
"40","40001",2378
"40","40003",482
"40","40005",1248
"40","40007",512
"40","40009",2219
"40","40011",959
"40","40013",4464
"40","40015",2843
"40","40017",15466
"40","40019",4582
"40","40021",4283
"40","40023",1327
"40","40025",243
"40","40027",23714
"40","40029",450
"40","40031",11284
"40","40033",499
"40","40035",1241
"40","40037",6523
"40","40039",2880
"40","40041",3282
"40","40043",565
"40","40045",334
"40","40047",6179
"40","40049",2685
"40","40051",5264
"40","40053",412
"40","40055",453
"40","40057",255
"40","40059",406
"40","40061",1189
"40","40063",1120
"40","40065",2459
"40","40067",605
"40","40069",1054
"40","40071",4386
"40","40073",1767
"40","40075",790
"40","40077",830
"40","40079",4669
"40","40081",3289
"40","40083",4149
"40","40085",998
"40","40087",4138
"40","40089",3370
"40","40091",1487
"40","40093",780
"40","40095",1519
"40","40097",3855
"40","40099",1265
"40","40101",6609
"40","40103",1053
"40","40105",859
"40","40107",1082
"40","40109",80080
"40","40111",3584
"40","40113",4045
"40","40115",3155
"40","40117",1503
"40","40119",6144
"40","40121",3895
"40","40123",3702
"40","40125",6853
"40","40127",961
"40","40129",317
"40","40131",8340
"40","40133",2326
"40","40135",3768
"40","40137",3842
"40","40139",2246
"40","40141",678
"40","40143",64073
"40","40145",7875
"40","40147",4857
"40","40149",1057
"40","40151",740
"40","40153",1957
"41","41001",1319
"41","41003",5690
"41","41005",34979
"41","41007",2962
"41","41009",4257
"41","41011",4634
"41","41013",1879
"41","41015",1335
"41","41017",15280
"41","41019",8369
"41","41021",157
"41","41023",515
"41","41025",585
"41","41027",2093
"41","41029",18209
"41","41031",2283
"41","41033",6697
"41","41035",5902
"41","41037",610
"41","41039",27160
"41","41041",3344
"41","41043",11200
"41","41045",3261
"41","41047",33321
"41","41049",1230
"41","41051",59397
"41","41053",7581
"41","41055",139
"41","41057",2051
"41","41059",7790
"41","41061",2364
"41","41063",552
"41","41065",2288
"41","41067",53650
"41","41069",66
"41","41071",9113
"42","42001",7945
"42","42003",87057
"42","42005",4854
"42","42007",12335
"42","42009",3489
"42","42011",36350
"42","42013",9683
"42","42015",5335
"42","42017",48492
"42","42019",14447
"42","42021",9542
"42","42023",318
"42","42025",4688
"42","42027",9419
"42","42029",46077
"42","42031",2784
"42","42033",5460
"42","42035",2979
"42","42037",4439
"42","42039",6472
"42","42041",20200
"42","42043",24392
"42","42045",48434
"42","42047",2255
"42","42049",21895
"42","42051",9479
"42","42053",62
"42","42055",13385
"42","42057",1100
"42","42059",2743
"42","42061",3091
"42","42063",5854
"42","42065",3615
"42","42067",2080
"42","42069",16892
"42","42071",49499
"42","42073",6443
"42","42075",12732
"42","42077",32294
"42","42079",24137
"42","42081",9109
"42","42083",3146
"42","42085",7725
"42","42087",3954
"42","42089",12293
"42","42091",69996
"42","42093",1441
"42","42095",23292
"42","42097",6815
"42","42099",3824
"42","42101",135565
"42","42103",3521
"42","42105",1292
"42","42107",10707
"42","42109",3068
"42","42111",4969
"42","42113",217
"42","42115",2871
"42","42117",3155
"42","42119",2942
"42","42121",3771
"42","42123",2903
"42","42125",15832
"42","42127",3215
"42","42129",24713
"42","42131",1953
"42","42133",38525
"44","44001",3441
"44","44003",11645
"44","44005",5226
"44","44007",49499
"44","44009",7605
"45","45001",1888
"45","45003",14057
"45","45005",641
"45","45007",18116
"45","45009",1051
"45","45011",1986
"45","45013",13829
"45","45015",21514
"45","45017",1079
"45","45019",31311
"45","45021",5222
"45","45023",2827
"45","45025",3928
"45","45027",2437
"45","45029",3295
"45","45031",5633
"45","45033",2955
"45","45035",15661
"45","45037",1858
"45","45039",1615
"45","45041",12807
"45","45043",4303
"45","45045",47134
"45","45047",6387
"45","45049",1596
"45","45051",24540
"45","45053",2235
"45","45055",6030
"45","45057",8624
"45","45059",5783
"45","45061",1252
"45","45063",27288
"45","45065",401
"45","45067",2706
"45","45069",2041
"45","45071",3266
"45","45073",6123
"45","45075",7529
"45","45077",9114
"45","45079",34581
"45","45081",1708
"45","45083",28898
"45","45085",9983
"45","45087",2205
"45","45089",2343
"45","45091",27494
"46","46003",267
"46","46005",1924
"46","46007",461
"46","46009",492
"46","46011",2827
"46","46013",3618
"46","46015",542
"46","46017",302
"46","46019",987
"46","46021",80
"46","46023",1125
"46","46025",392
"46","46027",979
"46","46029",2616
"46","46031",583
"46","46033",449
"46","46035",1775
"46","46037",501
"46","46039",410
"46","46041",883
"46","46043",273
"46","46045",344
"46","46047",450
"46","46049",221
"46","46051",606
"46","46053",392
"46","46055",169
"46","46057",742
"46","46059",284
"46","46061",409
"46","46063",112
"46","46065",1771
"46","46067",663
"46","46069",98
"46","46071",459
"46","46073",207
"46","46075",80
"46","46077",449
"46","46079",1005
"46","46081",1790
"46","46083",6933
"46","46085",422
"46","46087",603
"46","46089",252
"46","46091",416
"46","46093",2644
"46","46095",204
"46","46097",192
"46","46099",19321
"46","46101",689
"46","46102",2152
"46","46103",10204
"46","46105",233
"46","46107",184
"46","46109",1235
"46","46111",233
"46","46115",504
"46","46117",287
"46","46119",113
"46","46121",1768
"46","46123",459
"46","46125",815
"46","46127",1552
"46","46129",442
"46","46135",1813
"46","46137",273
"47","47001",6265
"47","47003",4859
"47","47005",1287
"47","47007",800
"47","47009",10248
"47","47011",8895
"47","47013",2986
"47","47015",1235
"47","47017",2426
"47","47019",3861
"47","47021",3322
"47","47023",1475
"47","47025",2255
"47","47027",623
"47","47029",2828
"47","47031",5277
"47","47033",1318
"47","47035",4154
"47","47037",54135
"47","47039",900
"47","47041",1715
"47","47043",4725
"47","47045",3426
"47","47047",2900
"47","47049",1446
"47","47051",3094
"47","47053",4675
"47","47055",2314
"47","47057",1756
"47","47059",4899
"47","47061",1042
"47","47063",5814
"47","47065",29594
"47","47067",540
"47","47069",1848
"47","47071",2040
"47","47073",4205
"47","47075",1529
"47","47077",2477
"47","47079",2510
"47","47081",2010
"47","47083",670
"47","47085",1507
"47","47087",818
"47","47089",4016
"47","47091",1133
"47","47093",37845
"47","47095",370
"47","47097",2134
"47","47099",4291
"47","47101",1033
"47","47103",2911
"47","47105",4132
"47","47107",4274
"47","47109",2097
"47","47111",2383
"47","47113",8395
"47","47115",2282
"47","47117",3069
"47","47119",8705
"47","47121",954
"47","47123",3760
"47","47125",22206
"47","47127",464
"47","47129",1449
"47","47131",2565
"47","47133",1822
"47","47135",703
"47","47137",300
"47","47139",1194
"47","47141",6406
"47","47143",2760
"47","47145",3778
"47","47147",6537
"47","47149",31885
"47","47151",2004
"47","47153",1135
"47","47155",7728
"47","47157",92280
"47","47159",1711
"47","47161",1038
"47","47163",11765
"47","47165",17588
"47","47167",5832
"47","47169",790
"47","47171",1280
"47","47173",1646
"47","47175",433
"47","47177",3713
"47","47179",9440
"47","47181",1049
"47","47183",2517
"47","47185",2296
"47","47187",25159
"47","47189",13325
"48","48001",4237
"48","48003",2351
"48","48005",8635
"48","48007",1657
"48","48009",709
"48","48011",183
"48","48013",5496
"48","48015",2906
"48","48017",786
"48","48019",1489
"48","48021",8722
"48","48023",340
"48","48025",2653
"48","48027",39287
"48","48029",198541
"48","48031",774
"48","48033",53
"48","48035",1539
"48","48037",8648
"48","48039",39111
"48","48041",18465
"48","48043",638
"48","48045",121
"48","48047",817
"48","48049",3058
"48","48051",1561
"48","48053",3903
"48","48055",3762
"48","48057",1923
"48","48059",1147
"48","48061",49558
"48","48063",1317
"48","48065",566
"48","48067",2575
"48","48069",854
"48","48071",4810
"48","48073",5112
"48","48075",553
"48","48077",822
"48","48079",304
"48","48081",278
"48","48083",659
"48","48085",104986
"48","48087",331
"48","48089",2009
"48","48091",13643
"48","48093",1156
"48","48095",168
"48","48097",3736
"48","48099",7014
"48","48101",112
"48","48103",561
"48","48105",361
"48","48107",573
"48","48109",183
"48","48111",870
"48","48113",265115
"48","48115",1289
"48","48117",2223
"48","48119",465
"48","48121",84170
"48","48123",1792
"48","48125",147
"48","48127",1169
"48","48129",249
"48","48131",1133
"48","48133",1425
"48","48135",20094
"48","48137",174
"48","48139",19137
"48","48141",87818
"48","48143",3426
"48","48145",1446
"48","48147",2988
"48","48149",1961
"48","48151",342
"48","48153",599
"48","48155",86
"48","48157",88820
"48","48159",951
"48","48161",1732
"48","48163",1857
"48","48165",2986
"48","48167",32321
"48","48169",402
"48","48171",2091
"48","48173",141
"48","48175",581
"48","48177",2115
"48","48179",2228
"48","48181",12665
"48","48183",12713
"48","48185",2481
"48","48187",16399
"48","48189",3601
"48","48191",273
"48","48193",732
"48","48195",586
"48","48197",336
"48","48199",5710
"48","48201",488717
"48","48203",6578
"48","48205",440
"48","48207",420
"48","48209",20761
"48","48211",442
"48","48213",6918
"48","48215",110946
"48","48217",3310
"48","48219",2340
"48","48221",5043
"48","48223",3466
"48","48225",1796
"48","48227",3076
"48","48229",414
"48","48231",9110
"48","48233",2096
"48","48235",153
"48","48237",788
"48","48239",1431
"48","48241",3264
"48","48243",29
"48","48245",23686
"48","48247",641
"48","48249",4453
"48","48251",17994
"48","48253",1398
"48","48255",1286
"48","48257",15129
"48","48259",4347
"48","48261",33
"48","48263",76
"48","48265",3777
"48","48267",293
"48","48269",28
"48","48271",265
"48","48273",2914
"48","48275",409
"48","48277",4661
"48","48279",1423
"48","48281",1812
"48","48283",591
"48","48285",1807
"48","48287",1385
"48","48289",1525
"48","48291",9644
"48","48293",2017
"48","48295",326
"48","48297",959
"48","48299",1232
"48","48301",19
"48","48303",28930
"48","48305",654
"48","48307",723
"48","48309",24419
"48","48311",51
"48","48313",1206
"48","48315",724
"48","48317",758
"48","48319",328
"48","48321",3683
"48","48323",6832
"48","48325",4413
"48","48327",177
"48","48329",20387
"48","48331",2252
"48","48333",356
"48","48335",743
"48","48337",1735
"48","48339",62655
"48","48341",2582
"48","48343",1163
"48","48345",81
"48","48347",6041
"48","48349",5125
"48","48351",1096
"48","48353",1534
"48","48355",34367
"48","48357",1184
"48","48359",120
"48","48361",8221
"48","48363",2645
"48","48365",2057
"48","48367",14061
"48","48369",1011
"48","48371",1658
"48","48373",4009
"48","48375",12901
"48","48377",676
"48","48379",1037
"48","48381",13058
"48","48383",456
"48","48385",222
"48","48387",966
"48","48389",1459
"48","48391",619
"48","48393",67
"48","48395",1585
"48","48397",11089
"48","48399",901
"48","48401",4780
"48","48403",683
"48","48405",636
"48","48407",2387
"48","48409",6869
"48","48411",455
"48","48413",283
"48","48415",1630
"48","48417",264
"48","48419",2538
"48","48421",314
"48","48423",22058
"48","48425",776
"48","48427",8390
"48","48429",780
"48","48431",141
"48","48433",98
"48","48435",342
"48","48437",752
"48","48439",214273
"48","48441",13234
"48","48443",67
"48","48445",1335
"48","48447",122
"48","48449",3697
"48","48451",11246
"48","48453",105217
"48","48455",1126
"48","48457",1641
"48","48459",3918
"48","48461",450
"48","48463",2837
"48","48465",5469
"48","48467",4879
"48","48469",9142
"48","48471",4182
"48","48473",5248
"48","48475",1370
"48","48477",3032
"48","48479",35588
"48","48481",4167
"48","48483",537
"48","48485",11974
"48","48487",1041
"48","48489",1960
"48","48491",59682
"48","48493",4715
"48","48495",940
"48","48497",6786
"48","48499",3312
"48","48501",1140
"48","48503",1700
"48","48505",1966
"48","48507",1353
"49","49001",863
"49","49003",6907
"49","49005",15133
"49","49007",2113
"49","49009",77
"49","49011",45373
"49","49013",2690
"49","49015",1156
"49","49017",394
"49","49019",832
"49","49021",6163
"49","49023",1646
"49","49025",757
"49","49027",1616
"49","49029",1737
"49","49031",115
"49","49033",296
"49","49035",121272
"49","49037",1738
"49","49039",2860
"49","49041",2371
"49","49043",3868
"49","49045",9356
"49","49047",4745
"49","49049",81725
"49","49051",4195
"49","49053",17747
"49","49055",247
"49","49057",28562
"50","50001",2308
"50","50003",2533
"50","50005",2122
"50","50007",11012
"50","50009",406
"50","50011",4260
"50","50013",517
"50","50015",2099
"50","50017",2044
"50","50019",2061
"50","50021",3956
"50","50023",4168
"50","50025",2952
"50","50027",3784
"51","51001",2633
"51","51003",8559
"51","51005",1037
"51","51007",1047
"51","51009",2373
"51","51011",1296
"51","51013",16859
"51","51015",5488
"51","51017",252
"51","51019",6105
"51","51021",337
"51","51023",2405
"51","51025",994
"51","51027",1418
"51","51029",1276
"51","51031",4219
"51","51033",2832
"51","51035",2073
"51","51036",389
"51","51037",953
"51","51041",32385
"51","51043",1061
"51","51045",329
"51","51047",5125
"51","51049",759
"51","51051",1132
"51","51053",2322
"51","51057",737
"51","51059",104324
"51","51061",6400
"51","51063",1197
"51","51065",1999
"51","51067",4097
"51","51069",7893
"51","51071",1296
"51","51073",2977
"51","51075",1587
"51","51077",1038
"51","51079",1778
"51","51081",737
"51","51083",2557
"51","51085",9118
"51","51087",28607
"51","51089",3921
"51","51091",107
"51","51093",3068
"51","51095",5768
"51","51097",480
"51","51099",2693
"51","51101",1521
"51","51103",582
"51","51105",1701
"51","51107",46575
"51","51109",2950
"51","51111",871
"51","51113",1001
"51","51115",542
"51","51117",2139
"51","51119",637
"51","51121",6035
"51","51125",974
"51","51127",1782
"51","51131",933
"51","51133",696
"51","51135",1131
"51","51137",3022
"51","51139",1751
"51","51141",1187
"51","51143",4233
"51","51145",2092
"51","51147",1338
"51","51149",3450
"51","51153",49308
"51","51155",2301
"51","51157",474
"51","51159",588
"51","51161",7364
"51","51163",1500
"51","51165",7008
"51","51167",1956
"51","51169",1542
"51","51171",3558
"51","51173",2183
"51","51175",1314
"51","51177",12946
"51","51179",15635
"51","51181",394
"51","51183",684
"51","51185",2943
"51","51187",3301
"51","51191",3785
"51","51193",1301
"51","51195",2869
"51","51197",2139
"51","51199",6533
"51","51510",10387
"51","51520",1328
"51","51530",520
"51","51540",2915
"51","51550",22993
"51","51570",1524
"51","51580",461
"51","51590",3451
"51","51595",507
"51","51600",1876
"51","51610",1431
"51","51620",763
"51","51630",2443
"51","51640",598
"51","51650",10902
"51","51660",3421
"51","51670",2305
"51","51678",331
"51","51680",5796
"51","51683",4180
"51","51685",1724
"51","51690",1244
"51","51700",16054
"51","51710",18376
"51","51720",357
"51","51730",2534
"51","51735",1077
"51","51740",8499
"51","51750",854
"51","51760",15276
"51","51770",8737
"51","51775",1833
"51","51790",1771
"51","51800",8546
"51","51810",38579
"51","51820",2041
"51","51830",695
"51","51840",2450
"53","53001",2976
"53","53003",1790
"53","53005",21815
"53","53007",7167
"53","53009",5228
"53","53011",45139
"53","53013",272
"53","53015",9809
"53","53017",4518
"53","53019",486
"53","53021",12202
"53","53023",160
"53","53025",11605
"53","53027",6172
"53","53029",6073
"53","53031",1490
"53","53033",178199
"53","53035",21501
"53","53037",3217
"53","53039",1643
"53","53041",6684
"53","53043",900
"53","53045",5066
"53","53047",4026
"53","53049",1333
"53","53051",1015
"53","53053",83904
"53","53055",882
"53","53057",11041
"53","53059",898
"53","53061",71986
"53","53063",45066
"53","53065",3821
"53","53067",24457
"53","53069",298
"53","53071",5065
"53","53073",17490
"53","53075",2891
"53","53077",29724
"54","54001",1245
"54","54003",10785
"54","54005",1692
"54","54007",1094
"54","54009",1398
"54","54011",7046
"54","54013",507
"54","54015",758
"54","54017",467
"54","54019",3571
"54","54021",469
"54","54023",835
"54","54025",2649
"54","54027",1567
"54","54029",2157
"54","54031",1108
"54","54033",5658
"54","54035",2371
"54","54037",4913
"54","54039",13876
"54","54041",1347
"54","54043",1827
"54","54045",2606
"54","54047",1480
"54","54049",4406
"54","54051",2312
"54","54053",2158
"54","54055",4896
"54","54057",2098
"54","54059",2042
"54","54061",6831
"54","54063",1027
"54","54065",1243
"54","54067",2025
"54","54069",3121
"54","54071",507
"54","54073",523
"54","54075",565
"54","54077",2575
"54","54079",4901
"54","54081",6208
"54","54083",2066
"54","54085",694
"54","54087",1089
"54","54089",746
"54","54091",1352
"54","54093",369
"54","54095",657
"54","54097",1970
"54","54099",3108
"54","54101",665
"54","54103",1128
"54","54105",515
"54","54107",6774
"54","54109",1632
"55","55001",1074
"55","55003",1312
"55","55005",3804
"55","55007",991
"55","55009",24482
"55","55011",1005
"55","55013",1039
"55","55015",4587
"55","55017",5526
"55","55019",3957
"55","55021",4625
"55","55023",1185
"55","55025",43454
"55","55027",6655
"55","55029",1696
"55","55031",3456
"55","55033",3437
"55","55035",8220
"55","55037",245
"55","55039",8521
"55","55041",675
"55","55043",4012
"55","55045",3108
"55","55047",1571
"55","55049",2075
"55","55051",341
"55","55053",1750
"55","55055",6701
"55","55057",2009
"55","55059",14821
"55","55061",1714
"55","55063",9048
"55","55065",1536
"55","55067",1412
"55","55069",1847
"55","55071",6248
"55","55073",12075
"55","55075",2928
"55","55077",1196
"55","55078",610
"55","55079",88552
"55","55081",4626
"55","55083",2940
"55","55085",2366
"55","55087",17134
"55","55089",7361
"55","55091",602
"55","55093",3449
"55","55095",3441
"55","55097",5213
"55","55099",886
"55","55101",17551
"55","55103",1436
"55","55105",14260
"55","55107",1093
"55","55109",8599
"55","55111",5676
"55","55113",1288
"55","55115",3337
"55","55117",9732
"55","55119",1852
"55","55121",2825
"55","55123",3147
"55","55125",1409
"55","55127",7980
"55","55129",1158
"55","55131",11457
"55","55133",32910
"55","55135",3967
"55","55137",1701
"55","55139",13563
"55","55141",6129
"56","56001",2429
"56","56003",1120
"56","56005",5058
"56","56007",1304
"56","56009",1340
"56","56011",736
"56","56013",3998
"56","56015",1007
"56","56017",363
"56","56019",758
"56","56021",9058
"56","56023",2097
"56","56025",7571
"56","56027",155
"56","56029",2381
"56","56031",683
"56","56033",2590
"56","56035",881
"56","56037",4362
"56","56039",1678
"56","56041",2333
"56","56043",642
"56","56045",572
